[ 
            { "value": "ATL", "label": "Atlanta Hartsfield (ATL)" },
            { "value":"AUS",  "label": "Austin (AUS)" },
            { "value": "BOS", "label": "Boston, Logan (BOS)" },
            { "value": "CHI", "label": "Chicago, IL (CHI)" },
            { "value": "DFW", "label": "Dallas/Fort Worth (DFW)" },
            { "value": "DEN", "label": "Denver (DEN)" },
            { "value": "IAD", "label": "Dulles, Washington (IAD)" },
            { "value": "IAH", "label": "Geo Bush, Houston (IAH)" },
            { "value": "HNL", "label": "Honolulu (HNL)" },
            { "value": "HOU", "label": "Houston (HOU)" },
            { "value": "LAX", "label": "Los Angeles (LAX)" },
            { "value": "MIA", "label": "Miami (MIA)" },
            { "value": "MSP", "label": "Minneapolis/St.Paul (MSP)" },
            { "value": "ORD", "label": "Ohare, Chicago (ORD)" },
            { "value": "PHL", "label": "Philadelphia (PHL)" },
            { "value": "PDX", "label": "Portland (PDX)" },
            { "value": "SFO", "label": "San Francisco (SFO)" },
            { "value": "SEA", "label": "Seattle, Tacoma (SEA)" },
            { "value": "STL", "label": "St Louis, Lambert (STL)" },
            { "value": "WAS", "label": "Washington (WAS)" },
         
                  
            { "value": "BKK", "label": "Bangkok (BKK)" },
            { "value": "KUL", "label": "Kuala Lumpur (KUL)" },
            { "value": "MNL", "label": "Manila (MNL)" },
            { "value": "SIN", "label": "Singapore (SIN)" },
            { "value": "RGN", "label": "Yangon (RGN)" },
          
   
            { "value": "BJS", "label": "Beijing (BJS)" },
            { "value": "PEK", "label": "Beijing (PEK)" },
            { "value": "PUS", "label": "Busan (PUS)" },
            { "value": "CTU", "label": "Chengdu (CTU)" },
            { "value": "FUK", "label": "Fukuoka (FUK)" },
            { "value": "CAN", "label": "Guangzhou (CAN)" },
            { "value": "HND", "label": "Haneda, Tokyo (HND)" },
            { "value": "HKG", "label": "Hong Kong (HKG)" },
            { "value": "ICN", "label": "Incheon Int, Seoul (ICN)" },
            { "value": "KIX", "label": "Kansai, Osaka (KIX)" },
            { "value": "KHH", "label": "Kaohsiung (KHH)" },
            { "value": "NGO", "label": "Nagoya (NGO)" },
            { "value": "NRT", "label": "Narita, Tokyo (NRT)" },
            { "value": "OSA", "label": "Osaka (OSA)" },
            { "value": "PVG", "label": "Pudong, ShangHai (PVG)" },
            { "value": "SEL", "label": "Seoul (SEL)" },
            { "value": "SHA", "label": "Shanghai (SHA)" },
            { "value": "TPE", "label": "Taipei (TPE)" },
            { "value": "TYO", "label": "Tokyo (TYO)" },
          

            { "value": "LPQ", "label": "Luang Prabang (LPQ)" },
            { "value": "PNH", "label": "Phnom Penh (PNH)" },
            { "value": "REP", "label": "Siem Riep (REP)" },
            { "value": "VTE", "label": "Vientiane (VTE)" },
            

            { "value": "AMS", "label": "Amsterdam (AMS)" },
            { "value": "LCY", "label": "Arpt City, London (LCY)" },
            { "value": "CDG", "label": "De Gaulle, Paris (CDG)" },
            { "value": "DME", "label": "Domodedovo, Moscow (DME)" },
            { "value": "FCO", "label": "Fiumicino, Rome (FCO)" },
            { "value": "FRA", "label": "Frankfurt (FRA)" },
            { "value": "LGW", "label": "Gatwick, London (LGW)" },
            { "value": "LHR", "label": "Heathrow, London (LHR)" },
            { "value": "LON", "label": "London (LON)" },
            { "value": "MOW", "label": "Moscow (MOW)" },
            { "value": "ORY", "label": "Orly, Paris (ORY)" },
            { "value": "PAR", "label": "Paris (PAR)" },
            { "value": "PRG", "label": "Praque (PRG)" },
            { "value": "ROM", "label": "Rome (ROM)" },
            { "value": "MEL", "label": "Melbourne (MEL)" },
            { "value": "SYD", "label": "Sydney (SYD)" }
]